item_id,store_id,mean_sales,is_normal_volume
FOODS_1_134,CA_1,1.2780996523754344,False
FOODS_1_134,CA_2,1.0463182897862233,False
FOODS_1_134,CA_3,1.1599073001158748,False
FOODS_1_134,CA_4,0.8327444051825678,False
FOODS_1_134,TX_1,0.7932242990654206,False
FOODS_1_134,TX_2,0.8691588785046729,False
FOODS_1_134,TX_3,0.6752336448598131,False
FOODS_1_134,WI_1,1.8527679623085984,True
FOODS_1_134,WI_2,1.8933951332560834,True
FOODS_1_134,WI_3,1.1263035921205098,False
FOODS_1_194,CA_1,1.983906770255272,True
FOODS_1_194,CA_2,2.1403995560488345,True
FOODS_1_194,CA_3,2.562153163152053,True
FOODS_1_194,CA_4,0.9944506104328524,False
FOODS_1_194,TX_1,1.0804661487236404,False
FOODS_1_194,TX_2,1.5172031076581576,True
FOODS_1_194,TX_3,1.1609322974472809,False
FOODS_1_194,WI_1,1.650943396226415,True
FOODS_1_194,WI_2,1.197558268590455,False
FOODS_1_194,WI_3,1.4328523862375138,False
FOODS_1_207,CA_1,1.3240843507214206,False
FOODS_1_207,CA_2,1.032186459489456,False
FOODS_1_207,CA_3,1.0377358490566038,False
FOODS_1_207,CA_4,0.9472807991120976,False
FOODS_1_207,TX_1,0.45449500554938954,False
FOODS_1_207,TX_2,0.6387347391786904,False
FOODS_1_207,TX_3,0.3995560488346282,False
FOODS_1_207,WI_1,1.172031076581576,False
FOODS_1_207,WI_2,0.7258601553829079,False
FOODS_1_207,WI_3,0.36182019977802443,False
FOODS_2_015,CA_1,0.57856093979442,False
FOODS_2_015,CA_2,1.0705128205128205,False
FOODS_2_015,CA_3,0.2872340425531915,False
FOODS_2_015,CA_4,0.5159883720930233,False
FOODS_2_015,TX_1,0.55359765051395,False
FOODS_2_015,TX_2,0.5814977973568282,False
FOODS_2_015,TX_3,0.6385135135135135,False
FOODS_2_015,WI_1,1.0377906976744187,False
FOODS_2_015,WI_2,0.6744186046511628,False
FOODS_2_015,WI_3,0.5594713656387665,False
FOODS_2_039,CA_1,0.2960122699386503,False
FOODS_2_039,CA_2,0.30141843971631205,False
FOODS_2_039,CA_3,0.39493865030674846,False
FOODS_2_039,CA_4,0.33358895705521474,False
FOODS_2_039,TX_1,0.25766871165644173,False
FOODS_2_039,TX_2,0.647239263803681,False
FOODS_2_039,TX_3,0.6986547085201794,False
FOODS_2_039,WI_1,0.4295652173913043,False
FOODS_2_039,WI_2,0.7361963190184049,False
FOODS_2_039,WI_3,0.19329529243937232,False
FOODS_2_048,CA_1,0.21479500891265596,False
FOODS_2_048,CA_2,0.48333333333333334,False
FOODS_2_048,CA_3,0.30115146147032773,False
FOODS_2_048,CA_4,0.10968921389396709,False
FOODS_2_048,TX_1,0.46702317290552586,False
FOODS_2_048,TX_2,0.3966131907308378,False
FOODS_2_048,TX_3,0.2367713004484305,False
FOODS_2_048,WI_1,0.336322869955157,False
FOODS_2_048,WI_2,1.0017825311942958,False
FOODS_2_048,WI_3,0.660427807486631,False
FOODS_2_059,CA_1,1.2097669256381798,False
FOODS_2_059,CA_2,1.4822695035460993,False
FOODS_2_059,CA_3,1.9528301886792452,True
FOODS_2_059,CA_4,1.060215053763441,False
FOODS_2_059,TX_1,1.562708102108768,True
FOODS_2_059,TX_2,2.2591564927857934,True
FOODS_2_059,TX_3,2.5926748057713653,True
FOODS_2_059,WI_1,1.1352459016393444,False
FOODS_2_059,WI_2,2.858059914407989,True
FOODS_2_059,WI_3,1.1481687014428412,False
FOODS_2_063,CA_1,1.8113207547169812,True
FOODS_2_063,CA_2,1.9456159822419534,True
FOODS_2_063,CA_3,1.8296337402885683,True
FOODS_2_063,CA_4,1.2796892341842396,False
FOODS_2_063,TX_1,2.4983351831298557,True
FOODS_2_063,TX_2,2.7685904550499445,True
FOODS_2_063,TX_3,3.004994450610433,True
FOODS_2_063,WI_1,1.542175360710322,True
FOODS_2_063,WI_2,3.6376248612652606,True
FOODS_2_063,WI_3,2.522752497225305,True
FOODS_2_080,CA_1,1.2752497225305217,False
FOODS_2_080,CA_2,1.0780141843971631,False
FOODS_2_080,CA_3,1.8268590455049944,True
FOODS_2_080,CA_4,0.5560488346281909,False
FOODS_2_080,TX_1,1.9456159822419534,True
FOODS_2_080,TX_2,2.4445061043285237,True
FOODS_2_080,TX_3,2.0926748057713653,True
FOODS_2_080,WI_1,1.419722901385493,False
FOODS_2_080,WI_2,6.940828402366864,True
FOODS_2_080,WI_3,3.0826859045504995,True
FOODS_2_166,CA_1,1.193118756936737,False
FOODS_2_166,CA_2,2.392896781354051,True
FOODS_2_166,CA_3,3.069367369589345,True
FOODS_2_166,CA_4,0.8451720310765816,False
FOODS_2_166,TX_1,1.6182019977802442,True
FOODS_2_166,TX_2,2.044395116537181,True
FOODS_2_166,TX_3,1.746392896781354,True
FOODS_2_166,WI_1,2.083795782463929,True
FOODS_2_166,WI_2,4.34850166481687,True
FOODS_2_166,WI_3,3.332408435072142,True
FOODS_2_178,CA_1,0.8164464023494861,False
FOODS_2_178,CA_2,0.8076923076923077,False
FOODS_2_178,CA_3,0.8011869436201781,False
FOODS_2_178,CA_4,0.6837606837606838,False
FOODS_2_178,TX_1,0.3633720930232558,False
FOODS_2_178,TX_2,0.6613372093023255,False
FOODS_2_178,TX_3,0.8386627906976745,False
FOODS_2_178,WI_1,1.2122507122507122,False
FOODS_2_178,WI_2,0.7813822284908322,False
FOODS_2_178,WI_3,0.7179125528913963,False
FOODS_2_212,CA_1,2.2941176470588234,True
FOODS_2_212,CA_2,0.5337078651685393,False
FOODS_2_212,CA_3,2.376248612652608,True
FOODS_2_212,CA_4,1.2830188679245282,False
FOODS_2_212,TX_1,1.351276359600444,False
FOODS_2_212,TX_2,1.2047724750277469,False
FOODS_2_212,TX_3,1.1803551609322975,False
FOODS_2_212,WI_1,1.21760391198044,False
FOODS_2_212,WI_2,1.0705229793977813,False
FOODS_2_212,WI_3,1.467813540510544,False
FOODS_2_249,CA_1,0.7757774140752864,False
FOODS_2_249,CA_2,1.25177304964539,False
FOODS_2_249,CA_3,1.4272,False
FOODS_2_249,CA_4,0.6622516556291391,False
FOODS_2_249,TX_1,1.3072,False
FOODS_2_249,TX_2,1.0970873786407767,False
FOODS_2_249,TX_3,1.8864,True
FOODS_2_249,WI_1,0.8016,False
FOODS_2_249,WI_2,0.9712,False
FOODS_2_249,WI_3,0.3232830820770519,False
FOODS_2_273,CA_1,0.5166666666666667,False
FOODS_2_273,CA_2,0.48507462686567165,False
FOODS_2_273,CA_3,0.3313333333333333,False
FOODS_2_273,CA_4,0.5806666666666667,False
FOODS_2_273,TX_1,0.12482853223593965,False
FOODS_2_273,TX_2,0.15066666666666667,False
FOODS_2_273,TX_3,0.13506815365551425,False
FOODS_2_273,WI_1,1.0652610441767068,False
FOODS_2_273,WI_2,0.3828996282527881,False
FOODS_2_273,WI_3,0.17466666666666666,False
FOODS_2_280,CA_1,0.31520532741398444,False
FOODS_2_280,CA_2,0.49645390070921985,False
FOODS_2_280,CA_3,0.19422863485016648,False
FOODS_2_280,CA_4,0.16925638179800223,False
FOODS_2_280,TX_1,0.1281908990011099,False
FOODS_2_280,TX_2,0.15593784683684794,False
FOODS_2_280,TX_3,0.11327040533037201,False
FOODS_2_280,WI_1,0.49074074074074076,False
FOODS_2_280,WI_2,0.36614535418583255,False
FOODS_2_280,WI_3,0.15871254162042175,False
FOODS_2_328,CA_1,0.4607190412782956,False
FOODS_2_328,CA_2,0.40668523676880225,False
FOODS_2_328,CA_3,0.6657789613848203,False
FOODS_2_328,CA_4,0.39106145251396646,False
FOODS_2_328,TX_1,0.5086551264980027,False
FOODS_2_328,TX_2,0.5,False
FOODS_2_328,TX_3,0.4017094017094017,False
FOODS_2_328,WI_1,0.8198324022346368,False
FOODS_2_328,WI_2,0.8103837471783296,False
FOODS_2_328,WI_3,0.5552596537949401,False
FOODS_2_358,CA_1,0.4872364039955605,False
FOODS_2_358,CA_2,0.5947488584474886,False
FOODS_2_358,CA_3,0.5238623751387348,False
FOODS_2_358,CA_4,0.4223085460599334,False
FOODS_2_358,TX_1,0.3179800221975583,False
FOODS_2_358,TX_2,0.521087680355161,False
FOODS_2_358,TX_3,0.39234184239733627,False
FOODS_2_358,WI_1,0.8386308068459658,False
FOODS_2_358,WI_2,0.5005549389567148,False
FOODS_2_358,WI_3,0.36403995560488345,False
FOODS_2_370,CA_1,0.5305216426193119,False
FOODS_2_370,CA_2,0.7375886524822695,False
FOODS_2_370,CA_3,0.6470588235294118,False
FOODS_2_370,CA_4,0.35738068812430634,False
FOODS_2_370,TX_1,0.7724750277469479,False
FOODS_2_370,TX_2,0.7436182019977803,False
FOODS_2_370,TX_3,0.8912319644839067,False
FOODS_2_370,WI_1,1.823943661971831,True
FOODS_2_370,WI_2,3.0288713910761156,True
FOODS_2_370,WI_3,0.9872364039955605,False
FOODS_2_381,CA_1,1.2758046614872365,False
FOODS_2_381,CA_2,2.4611581920903953,True
FOODS_2_381,CA_3,2.1198668146503885,True
FOODS_2_381,CA_4,1.4445061043285239,False
FOODS_2_381,TX_1,1.3795782463928967,False
FOODS_2_381,TX_2,1.6392896781354052,True
FOODS_2_381,TX_3,1.8135405105438402,True
FOODS_2_381,WI_1,1.653718091009989,True
FOODS_2_381,WI_2,1.874583795782464,True
FOODS_2_381,WI_3,1.1731409544950056,False
FOODS_3_065,CA_1,1.3473917869034406,False
FOODS_3_065,CA_2,0.7680355160932297,False
FOODS_3_065,CA_3,1.6098779134295227,True
FOODS_3_065,CA_4,0.7019977802441731,False
FOODS_3_065,TX_1,0.5493895671476138,False
FOODS_3_065,TX_2,0.8401775804661488,False
FOODS_3_065,TX_3,0.8123264852859522,False
FOODS_3_065,WI_1,0.7815810920945395,False
FOODS_3_065,WI_2,1.059077809798271,False
FOODS_3_065,WI_3,1.1714761376248612,False
FOODS_3_074,CA_1,1.2695492180312788,False
FOODS_3_074,CA_2,1.2686292548298068,False
FOODS_3_074,CA_3,1.936522539098436,True
FOODS_3_074,CA_4,1.0036798528058877,False
FOODS_3_074,TX_1,0.6163753449862005,False
FOODS_3_074,TX_2,1.1014625228519195,False
FOODS_3_074,TX_3,0.7764489420423183,False
FOODS_3_074,WI_1,1.0708371665133394,False
FOODS_3_074,WI_2,0.5280588776448942,False
FOODS_3_074,WI_3,0.562097516099356,False
FOODS_3_117,CA_1,1.158157602663707,False
FOODS_3_117,CA_2,1.9495005549389568,True
FOODS_3_117,CA_3,2.935072142064373,True
FOODS_3_117,CA_4,0.4012208657047725,False
FOODS_3_117,TX_1,5.782463928967814,True
FOODS_3_117,TX_2,8.409544950055494,True
FOODS_3_117,TX_3,2.705327413984462,True
FOODS_3_117,WI_1,0.6365149833518313,False
FOODS_3_117,WI_2,3.7874583795782466,True
FOODS_3_117,WI_3,4.137069922308546,True
FOODS_3_214,CA_1,2.390677025527192,True
FOODS_3_214,CA_2,1.6598224195338513,True
FOODS_3_214,CA_3,2.125971143174251,True
FOODS_3_214,CA_4,1.4972253052164262,False
FOODS_3_214,TX_1,0.5837957824639289,False
FOODS_3_214,TX_2,0.7841287458379578,False
FOODS_3_214,TX_3,0.48890122086570476,False
FOODS_3_214,WI_1,2.0410654827968924,True
FOODS_3_214,WI_2,1.0077691453940067,False
FOODS_3_214,WI_3,0.8329633740288568,False
FOODS_3_265,CA_1,2.172586015538291,True
FOODS_3_265,CA_2,1.05826859045505,False
FOODS_3_265,CA_3,4.416759156492786,True
FOODS_3_265,CA_4,1.6970033296337403,True
FOODS_3_265,TX_1,1.223085460599334,False
FOODS_3_265,TX_2,1.7053274139844616,True
FOODS_3_265,TX_3,1.1853496115427302,False
FOODS_3_265,WI_1,0.904550499445061,False
FOODS_3_265,WI_2,0.8773584905660378,False
FOODS_3_265,WI_3,1.5438401775804662,True
FOODS_3_336,CA_1,1.46503884572697,False
FOODS_3_336,CA_2,0.7685904550499445,False
FOODS_3_336,CA_3,1.4655937846836848,False
FOODS_3_336,CA_4,0.806881243063263,False
FOODS_3_336,TX_1,0.5477247502774695,False
FOODS_3_336,TX_2,0.6886792452830188,False
FOODS_3_336,TX_3,0.4483906770255272,False
FOODS_3_336,WI_1,0.6215316315205327,False
FOODS_3_336,WI_2,0.7913429522752498,False
FOODS_3_336,WI_3,0.7802441731409545,False
FOODS_3_370,CA_1,0.8096590909090909,False
FOODS_3_370,CA_2,2.241106719367589,True
FOODS_3_370,CA_3,4.113182423435419,True
FOODS_3_370,CA_4,1.4116094986807388,False
FOODS_3_370,TX_1,2.796271637816245,True
FOODS_3_370,TX_2,3.933422103861518,True
FOODS_3_370,TX_3,5.536652835408022,True
FOODS_3_370,WI_1,1.0415754923413567,False
FOODS_3_370,WI_2,6.166301969365427,True
FOODS_3_370,WI_3,3.1422319474835887,True
FOODS_3_387,CA_1,1.3218645948945615,False
FOODS_3_387,CA_2,0.7280799112097669,False
FOODS_3_387,CA_3,1.6498335183129855,True
FOODS_3_387,CA_4,0.7652608213096559,False
FOODS_3_387,TX_1,0.5377358490566038,False
FOODS_3_387,TX_2,0.5738068812430632,False
FOODS_3_387,TX_3,0.46448390677025525,False
FOODS_3_387,WI_1,0.5776914539400666,False
FOODS_3_387,WI_2,0.3590455049944506,False
FOODS_3_387,WI_3,0.34406215316315203,False
FOODS_3_449,CA_1,4.235849056603773,True
FOODS_3_449,CA_2,4.981687014428413,True
FOODS_3_449,CA_3,7.451165371809101,True
FOODS_3_449,CA_4,2.465593784683685,True
FOODS_3_449,TX_1,3.2691453940066593,True
FOODS_3_449,TX_2,3.277469478357381,True
FOODS_3_449,TX_3,3.314095449500555,True
FOODS_3_449,WI_1,2.43007769145394,True
FOODS_3_449,WI_2,3.767480577136515,True
FOODS_3_449,WI_3,3.8917869034406216,True
FOODS_3_480,CA_1,1.4844617092119867,False
FOODS_3_480,CA_2,2.2835738068812432,True
FOODS_3_480,CA_3,2.180910099889012,True
FOODS_3_480,CA_4,0.8130034522439585,False
FOODS_3_480,TX_1,0.7524972253052165,False
FOODS_3_480,TX_2,0.9722530521642619,False
FOODS_3_480,TX_3,0.7354765933446137,False
FOODS_3_480,WI_1,0.7802441731409545,False
FOODS_3_480,WI_2,0.5554938956714761,False
FOODS_3_480,WI_3,0.7452830188679245,False
FOODS_3_489,CA_1,1.6376210235131397,True
FOODS_3_489,CA_2,1.3319502074688796,False
FOODS_3_489,CA_3,3.8450899031811896,True
FOODS_3_489,CA_4,1.7108938547486034,True
FOODS_3_489,TX_1,1.3734439834024896,False
FOODS_3_489,TX_2,2.168741355463347,True
FOODS_3_489,TX_3,1.9681881051175656,True
FOODS_3_489,WI_1,3.3858921161825726,True
FOODS_3_489,WI_2,2.7302904564315353,True
FOODS_3_489,WI_3,2.887966804979253,True
FOODS_3_492,CA_1,1.181565796779567,False
FOODS_3_492,CA_2,0.5070074196207749,False
FOODS_3_492,CA_3,1.3015350877192982,False
FOODS_3_492,CA_4,0.5643729189789123,False
FOODS_3_492,TX_1,0.4811320754716981,False
FOODS_3_492,TX_2,0.6897891231964484,False
FOODS_3_492,TX_3,0.42730299667036625,False
FOODS_3_492,WI_1,1.0377358490566038,False
FOODS_3_492,WI_2,1.3274139844617092,False
FOODS_3_492,WI_3,1.132630410654828,False
FOODS_3_505,CA_1,2.9255685733976566,True
FOODS_3_505,CA_2,3.52400548696845,True
FOODS_3_505,CA_3,4.742798353909465,True
FOODS_3_505,CA_4,2.0020675396278427,True
FOODS_3_505,TX_1,1.7105080027835768,True
FOODS_3_505,TX_2,2.156509695290859,True
FOODS_3_505,TX_3,1.454418928322895,False
FOODS_3_505,WI_1,2.0461750516884907,True
FOODS_3_505,WI_2,1.4916083916083915,False
FOODS_3_505,WI_3,1.3032391454169538,False
FOODS_3_567,CA_1,0.5133185349611543,False
FOODS_3_567,CA_2,0.27524972253052166,False
FOODS_3_567,CA_3,0.3956714761376249,False
FOODS_3_567,CA_4,0.2241953385127636,False
FOODS_3_567,TX_1,0.14206437291897892,False
FOODS_3_567,TX_2,0.26137624861265263,False
FOODS_3_567,TX_3,0.15760266370699222,False
FOODS_3_567,WI_1,0.7325066430469442,False
FOODS_3_567,WI_2,0.21365149833518313,False
FOODS_3_567,WI_3,0.3390677025527192,False
FOODS_3_585,CA_1,1.2314095449500555,False
FOODS_3_585,CA_2,0.6931119311193112,False
FOODS_3_585,CA_3,1.6764705882352942,True
FOODS_3_585,CA_4,0.6598224195338512,False
FOODS_3_585,TX_1,1.5782463928967814,True
FOODS_3_585,TX_2,1.6470588235294117,True
FOODS_3_585,TX_3,1.9123196448390678,True
FOODS_3_585,WI_1,0.4944506104328524,False
FOODS_3_585,WI_2,1.2401500938086305,False
FOODS_3_585,WI_3,0.646503884572697,False
FOODS_3_626,CA_1,0.6629746835443038,False
FOODS_3_626,CA_2,0.402317880794702,False
FOODS_3_626,CA_3,0.45792880258899676,False
FOODS_3_626,CA_4,0.3414239482200647,False
FOODS_3_626,TX_1,0.1490066225165563,False
FOODS_3_626,TX_2,0.25040916530278234,False
FOODS_3_626,TX_3,0.16295025728987994,False
FOODS_3_626,WI_1,0.2672,False
FOODS_3_626,WI_2,0.25,False
FOODS_3_626,WI_3,0.15423728813559323,False
FOODS_3_667,CA_1,0.6531631520532741,False
FOODS_3_667,CA_2,0.2957824639289678,False
FOODS_3_667,CA_3,0.4556048834628191,False
FOODS_3_667,CA_4,0.47780244173140957,False
FOODS_3_667,TX_1,0.22086570477247502,False
FOODS_3_667,TX_2,0.5643729189789123,False
FOODS_3_667,TX_3,0.32075471698113206,False
FOODS_3_667,WI_1,0.4877913429522753,False
FOODS_3_667,WI_2,0.3745837957824639,False
FOODS_3_667,WI_3,0.48224195338512765,False
FOODS_3_684,CA_1,1.0889830508474576,False
FOODS_3_684,CA_2,1.5800144822592324,True
FOODS_3_684,CA_3,1.4528034066713982,False
FOODS_3_684,CA_4,1.1242015613910574,False
FOODS_3_684,TX_1,0.5235336712527154,False
FOODS_3_684,TX_2,0.807909604519774,False
FOODS_3_684,TX_3,0.780367231638418,False
FOODS_3_684,WI_1,1.2163934426229508,False
FOODS_3_684,WI_2,1.0480225988700564,False
FOODS_3_684,WI_3,1.0539772727272727,False
FOODS_3_709,CA_1,0.7181425485961123,False
FOODS_3_709,CA_2,0.7516703786191536,False
FOODS_3_709,CA_3,1.2742980561555075,False
FOODS_3_709,CA_4,0.4331491712707182,False
FOODS_3_709,TX_1,0.5712742980561555,False
FOODS_3_709,TX_2,0.9605263157894737,False
FOODS_3_709,TX_3,1.03646408839779,False
FOODS_3_709,WI_1,0.3723756906077348,False
FOODS_3_709,WI_2,0.44846491228070173,False
FOODS_3_709,WI_3,0.3651315789473684,False
FOODS_3_712,CA_1,0.9850166481687015,False
FOODS_3_712,CA_2,0.7741398446170921,False
FOODS_3_712,CA_3,1.920643729189789,True
FOODS_3_712,CA_4,0.7830188679245284,False
FOODS_3_712,TX_1,0.7153163152053275,False
FOODS_3_712,TX_2,0.9039955604883463,False
FOODS_3_712,TX_3,0.6437291897891232,False
FOODS_3_712,WI_1,1.088235294117647,False
FOODS_3_712,WI_2,0.6692563817980022,False
FOODS_3_712,WI_3,0.8002219755826859,False
FOODS_3_714,CA_1,27.913429522752498,True
FOODS_3_714,CA_2,10.72031076581576,True
FOODS_3_714,CA_3,27.405105438401776,True
FOODS_3_714,CA_4,10.138179800221975,True
FOODS_3_714,TX_1,23.074916759156494,True
FOODS_3_714,TX_2,23.790788013318537,True
FOODS_3_714,TX_3,21.41009988901221,True
FOODS_3_714,WI_1,16.423418423973363,True
FOODS_3_714,WI_2,18.200887902330745,True
FOODS_3_714,WI_3,28.53274139844617,True
FOODS_3_724,CA_1,0.18756936736958935,False
FOODS_3_724,CA_2,0.7935627081021087,False
FOODS_3_724,CA_3,0.6853496115427303,False
FOODS_3_724,CA_4,0.2286348501664817,False
FOODS_3_724,TX_1,0.23473917869034405,False
FOODS_3_724,TX_2,0.16481687014428412,False
FOODS_3_724,TX_3,0.18479467258601553,False
FOODS_3_724,WI_1,0.18091009988901222,False
FOODS_3_724,WI_2,0.26526082130965595,False
FOODS_3_724,WI_3,0.09045504994450611,False
FOODS_3_726,CA_1,1.068661971830986,False
FOODS_3_726,CA_2,1.3721973094170403,False
FOODS_3_726,CA_3,2.097711267605634,True
FOODS_3_726,CA_4,0.5484154929577465,False
FOODS_3_726,TX_1,0.9621478873239436,False
FOODS_3_726,TX_2,0.9973591549295775,False
FOODS_3_726,TX_3,0.7103139013452915,False
FOODS_3_726,WI_1,0.6586452762923352,False
FOODS_3_726,WI_2,0.9043401240035429,False
FOODS_3_726,WI_3,0.6751760563380281,False
FOODS_3_732,CA_1,4.351831298557158,True
FOODS_3_732,CA_2,1.2008879023307437,False
FOODS_3_732,CA_3,3.265260821309656,True
FOODS_3_732,CA_4,1.8407325194228634,True
FOODS_3_732,TX_1,1.2264150943396226,False
FOODS_3_732,TX_2,1.3890122086570478,False
FOODS_3_732,TX_3,1.6365149833518313,True
FOODS_3_732,WI_1,1.618756936736959,True
FOODS_3_732,WI_2,0.697558268590455,False
FOODS_3_732,WI_3,1.8856825749167592,True
FOODS_3_790,CA_1,0.4830393487109905,False
FOODS_3_790,CA_2,0.24101198402130491,False
FOODS_3_790,CA_3,0.3202614379084967,False
FOODS_3_790,CA_4,0.16226912928759896,False
FOODS_3_790,TX_1,0.22311827956989247,False
FOODS_3_790,TX_2,0.3917808219178082,False
FOODS_3_790,TX_3,0.39077340569877883,False
FOODS_3_790,WI_1,0.35294117647058826,False
FOODS_3_790,WI_2,0.2266839378238342,False
FOODS_3_790,WI_3,0.15025906735751296,False
FOODS_3_792,CA_1,3.7547169811320753,True
FOODS_3_792,CA_2,2.660377358490566,True
FOODS_3_792,CA_3,6.720865704772475,True
FOODS_3_792,CA_4,1.6281908990011098,True
FOODS_3_792,TX_1,2.6004439511653716,True
FOODS_3_792,TX_2,5.01165371809101,True
FOODS_3_792,TX_3,3.2103218645948948,True
FOODS_3_792,WI_1,3.265260821309656,True
FOODS_3_792,WI_2,5.97669256381798,True
FOODS_3_792,WI_3,5.359600443951165,True
FOODS_3_808,CA_1,24.664261931187568,True
FOODS_3_808,CA_2,13.821309655937847,True
FOODS_3_808,CA_3,38.6315205327414,True
FOODS_3_808,CA_4,11.372364039955604,True
FOODS_3_808,TX_1,11.994450610432853,True
FOODS_3_808,TX_2,13.1503884572697,True
FOODS_3_808,TX_3,14.275804661487236,True
FOODS_3_808,WI_1,7.44173140954495,True
FOODS_3_808,WI_2,4.022197558268591,True
FOODS_3_808,WI_3,12.233629300776915,True
HOBBIES_1_003,CA_1,0.34432717678100266,False
HOBBIES_1_003,CA_2,0.16754617414248021,False
HOBBIES_1_003,CA_3,0.30303030303030304,False
HOBBIES_1_003,CA_4,0.1970705725699068,False
HOBBIES_1_003,TX_1,0.12365591397849462,False
HOBBIES_1_003,TX_2,0.1278295605858855,False
HOBBIES_1_003,TX_3,0.2237017310252996,False
HOBBIES_1_003,WI_1,0.20976253298153033,False
HOBBIES_1_003,WI_2,0.13013698630136986,False
HOBBIES_1_003,WI_3,0.05059920106524634,False
HOBBIES_1_050,CA_1,0.9317425083240843,False
HOBBIES_1_050,CA_2,0.42508324084350724,False
HOBBIES_1_050,CA_3,0.5741254858411994,False
HOBBIES_1_050,CA_4,0.46781354051054386,False
HOBBIES_1_050,TX_1,0.23640399556048836,False
HOBBIES_1_050,TX_2,0.5427302996670367,False
HOBBIES_1_050,TX_3,0.3709050527484731,False
HOBBIES_1_050,WI_1,0.525527192008879,False
HOBBIES_1_050,WI_2,0.21143174250832408,False
HOBBIES_1_050,WI_3,0.2952275249722531,False
HOBBIES_1_060,CA_1,0.253003003003003,False
HOBBIES_1_060,CA_2,0.09634055265123226,False
HOBBIES_1_060,CA_3,0.24869305451829724,False
HOBBIES_1_060,CA_4,0.25,False
HOBBIES_1_060,TX_1,0.1901840490797546,False
HOBBIES_1_060,TX_2,0.4294294294294294,False
HOBBIES_1_060,TX_3,0.36949924127465855,False
HOBBIES_1_060,WI_1,0.35399551904406273,False
HOBBIES_1_060,WI_2,0.17699775952203137,False
HOBBIES_1_060,WI_3,0.09260642270351008,False
HOBBIES_1_088,CA_1,0.4428412874583796,False
HOBBIES_1_088,CA_2,0.3113207547169811,False
HOBBIES_1_088,CA_3,0.4528301886792453,False
HOBBIES_1_088,CA_4,0.34850166481687017,False
HOBBIES_1_088,TX_1,0.12541620421753608,False
HOBBIES_1_088,TX_2,0.1936736958934517,False
HOBBIES_1_088,TX_3,0.28357380688124306,False
HOBBIES_1_088,WI_1,0.5033296337402886,False
HOBBIES_1_088,WI_2,0.14261931187569368,False
HOBBIES_1_088,WI_3,0.32297447280799113,False
HOBBIES_1_126,CA_1,0.909217877094972,False
HOBBIES_1_126,CA_2,0.3765867418899859,False
HOBBIES_1_126,CA_3,0.7220670391061452,False
HOBBIES_1_126,CA_4,0.41620111731843573,False
HOBBIES_1_126,TX_1,0.19315068493150686,False
HOBBIES_1_126,TX_2,0.1776798825256975,False
HOBBIES_1_126,TX_3,0.2195845697329377,False
HOBBIES_1_126,WI_1,0.1339031339031339,False
HOBBIES_1_126,WI_2,0.1622002820874471,False
HOBBIES_1_126,WI_3,0.11791730474732007,False
HOBBIES_1_193,CA_1,0.4095449500554939,False
HOBBIES_1_193,CA_2,0.10599334073251943,False
HOBBIES_1_193,CA_3,0.07824639289678136,False
HOBBIES_1_193,CA_4,0.5421753607103219,False
HOBBIES_1_193,TX_1,0.11709211986681466,False
HOBBIES_1_193,TX_2,0.3479467258601554,False
HOBBIES_1_193,TX_3,0.6537180910099889,False
HOBBIES_1_193,WI_1,0.2180910099889012,False
HOBBIES_1_193,WI_2,0.10987791342952276,False
HOBBIES_1_193,WI_3,0.07991120976692564,False
HOBBIES_1_212,CA_1,0.0660377358490566,False
HOBBIES_1_212,CA_2,0.0639300134589502,False
HOBBIES_1_212,CA_3,0.0745742806811509,False
HOBBIES_1_212,CA_4,0.07572684246112238,False
HOBBIES_1_212,TX_1,0.026082130965593784,False
HOBBIES_1_212,TX_2,0.08668941979522184,False
HOBBIES_1_212,TX_3,0.06825938566552901,False
HOBBIES_1_212,WI_1,0.06220419202163624,False
HOBBIES_1_212,WI_2,0.015770609318996417,False
HOBBIES_1_212,WI_3,0.03308063404548587,False
HOBBIES_1_225,CA_1,0.5482912332838039,False
HOBBIES_1_225,CA_2,0.2399702823179792,False
HOBBIES_1_225,CA_3,0.4078751857355126,False
HOBBIES_1_225,CA_4,0.2971768202080238,False
HOBBIES_1_225,TX_1,0.40150943396226413,False
HOBBIES_1_225,TX_2,0.47297297297297297,False
HOBBIES_1_225,TX_3,0.6181277860326895,False
HOBBIES_1_225,WI_1,0.44144144144144143,False
HOBBIES_1_225,WI_2,0.23849056603773586,False
HOBBIES_1_225,WI_3,0.14488424197162061,False
HOBBIES_1_280,CA_1,0.8662597114317425,False
HOBBIES_1_280,CA_2,0.779134295227525,False
HOBBIES_1_280,CA_3,1.2880133185349611,False
HOBBIES_1_280,CA_4,0.48057713651498335,False
HOBBIES_1_280,TX_1,0.2458379578246393,False
HOBBIES_1_280,TX_2,0.24083474337281444,False
HOBBIES_1_280,TX_3,0.28523862375138737,False
HOBBIES_1_280,WI_1,0.31243063263041065,False
HOBBIES_1_280,WI_2,0.10876803551609324,False
HOBBIES_1_280,WI_3,0.17258601553829078,False
HOBBIES_2_036,CA_1,0.7197558268590455,False
HOBBIES_2_036,CA_2,0.9667036625971143,False
HOBBIES_2_036,CA_3,1.3407325194228634,False
HOBBIES_2_036,CA_4,0.3401775804661487,False
HOBBIES_2_036,TX_1,0.5671476137624861,False
HOBBIES_2_036,TX_2,1.2269700332963374,False
HOBBIES_2_036,TX_3,1.039400665926748,False
HOBBIES_2_036,WI_1,0.4589345172031077,False
HOBBIES_2_036,WI_2,0.34128745837957825,False
HOBBIES_2_036,WI_3,0.5427302996670367,False
HOBBIES_2_058,CA_1,0.36666666666666664,False
HOBBIES_2_058,CA_2,0.39203675344563554,False
HOBBIES_2_058,CA_3,0.5741556534508077,False
HOBBIES_2_058,CA_4,0.11094452773613193,False
HOBBIES_2_058,TX_1,0.17091454272863568,False
HOBBIES_2_058,TX_2,0.15205327413984462,False
HOBBIES_2_058,TX_3,0.5697674418604651,False
HOBBIES_2_058,WI_1,0.3920704845814978,False
HOBBIES_2_058,WI_2,0.20029673590504452,False
HOBBIES_2_058,WI_3,0.29411764705882354,False
HOBBIES_2_063,CA_1,0.35347856640899505,False
HOBBIES_2_063,CA_2,0.13338088445078458,False
HOBBIES_2_063,CA_3,0.20017714791851196,False
HOBBIES_2_063,CA_4,0.1233140655105973,False
HOBBIES_2_063,TX_1,0.22711142654364797,False
HOBBIES_2_063,TX_2,0.41234918381831087,False
HOBBIES_2_063,TX_3,0.5351312987934705,False
HOBBIES_2_063,WI_1,0.3311827956989247,False
HOBBIES_2_063,WI_2,0.23252496433666192,False
HOBBIES_2_063,WI_3,0.22711142654364797,False
HOBBIES_2_080,CA_1,0.09711431742508324,False
HOBBIES_2_080,CA_2,0.0560488346281909,False
HOBBIES_2_080,CA_3,0.11154273029966703,False
HOBBIES_2_080,CA_4,0.026860660324566313,False
HOBBIES_2_080,TX_1,0.06825749167591565,False
HOBBIES_2_080,TX_2,0.11709211986681466,False
HOBBIES_2_080,TX_3,0.1120976692563818,False
HOBBIES_2_080,WI_1,0.08324084350721421,False
HOBBIES_2_080,WI_2,0.05660377358490566,False
HOBBIES_2_080,WI_3,0.051054384017758046,False
HOBBIES_2_088,CA_1,0.3568257491675916,False
HOBBIES_2_088,CA_2,0.3623751387347392,False
HOBBIES_2_088,CA_3,0.2968923418423973,False
HOBBIES_2_088,CA_4,0.2641509433962264,False
HOBBIES_2_088,TX_1,0.1609322974472808,False
HOBBIES_2_088,TX_2,0.4078801331853496,False
HOBBIES_2_088,TX_3,0.1970033296337403,False
HOBBIES_2_088,WI_1,0.11542730299667037,False
HOBBIES_2_088,WI_2,0.1365149833518313,False
HOBBIES_2_088,WI_3,0.2087729039422543,False
HOUSEHOLD_1_027,CA_1,2.643729189789123,True
HOUSEHOLD_1_027,CA_2,2.591009988901221,True
HOUSEHOLD_1_027,CA_3,6.635405105438402,True
HOUSEHOLD_1_027,CA_4,1.325749167591565,False
HOUSEHOLD_1_027,TX_1,1.5077691453940067,True
HOUSEHOLD_1_027,TX_2,1.6309655937846836,True
HOUSEHOLD_1_027,TX_3,2.5160932297447283,True
HOUSEHOLD_1_027,WI_1,2.6265260821309657,True
HOUSEHOLD_1_027,WI_2,2.9988901220865705,True
HOUSEHOLD_1_027,WI_3,2.8102108768035516,True
HOUSEHOLD_1_032,CA_1,4.214659685863874,True
HOUSEHOLD_1_032,CA_2,3.2388059701492535,True
HOUSEHOLD_1_032,CA_3,0.04992867332382311,False
HOUSEHOLD_1_032,CA_4,0.953081876724931,False
HOUSEHOLD_1_032,TX_1,0.0,False
HOUSEHOLD_1_032,TX_2,1.7937584803256446,True
HOUSEHOLD_1_032,TX_3,1.6820652173913044,True
HOUSEHOLD_1_032,WI_1,1.165444172779136,False
HOUSEHOLD_1_032,WI_2,1.9680781758957655,True
HOUSEHOLD_1_032,WI_3,4.427989130434782,True
HOUSEHOLD_1_056,CA_1,0.5804661487236404,False
HOUSEHOLD_1_056,CA_2,0.8518312985571587,False
HOUSEHOLD_1_056,CA_3,0.7841287458379578,False
HOUSEHOLD_1_056,CA_4,0.42286348501664817,False
HOUSEHOLD_1_056,TX_1,0.18035516093229745,False
HOUSEHOLD_1_056,TX_2,0.1997780244173141,False
HOUSEHOLD_1_056,TX_3,0.16481687014428412,False
HOUSEHOLD_1_056,WI_1,0.49667036625971145,False
HOUSEHOLD_1_056,WI_2,0.46059933407325193,False
HOUSEHOLD_1_056,WI_3,0.1853496115427303,False
HOUSEHOLD_1_063,CA_1,0.2413984461709212,False
HOUSEHOLD_1_063,CA_2,0.2524972253052164,False
HOUSEHOLD_1_063,CA_3,0.5571587125416204,False
HOUSEHOLD_1_063,CA_4,0.10987791342952276,False
HOUSEHOLD_1_063,TX_1,0.281354051054384,False
HOUSEHOLD_1_063,TX_2,0.4039955604883463,False
HOUSEHOLD_1_063,TX_3,0.2586015538290788,False
HOUSEHOLD_1_063,WI_1,0.1281908990011099,False
HOUSEHOLD_1_063,WI_2,0.16925638179800223,False
HOUSEHOLD_1_063,WI_3,0.23806881243063263,False
HOUSEHOLD_1_076,CA_1,0.5178173719376392,False
HOUSEHOLD_1_076,CA_2,0.4118967452300786,False
HOUSEHOLD_1_076,CA_3,0.6863270777479893,False
HOUSEHOLD_1_076,CA_4,0.39532293986636974,False
HOUSEHOLD_1_076,TX_1,0.20689655172413793,False
HOUSEHOLD_1_076,TX_2,0.3530066815144766,False
HOUSEHOLD_1_076,TX_3,0.2783389450056117,False
HOUSEHOLD_1_076,WI_1,0.7485970819304153,False
HOUSEHOLD_1_076,WI_2,0.5793758480325645,False
HOUSEHOLD_1_076,WI_3,0.47058823529411764,False
HOUSEHOLD_1_080,CA_1,0.3394871794871795,False
HOUSEHOLD_1_080,CA_2,0.26153846153846155,False
HOUSEHOLD_1_080,CA_3,1.0177215189873419,False
HOUSEHOLD_1_080,CA_4,0.39076923076923076,False
HOUSEHOLD_1_080,TX_1,0.7396694214876033,False
HOUSEHOLD_1_080,TX_2,1.1917948717948719,False
HOUSEHOLD_1_080,TX_3,2.037948717948718,True
HOUSEHOLD_1_080,WI_1,0.36615384615384616,False
HOUSEHOLD_1_080,WI_2,0.41333333333333333,False
HOUSEHOLD_1_080,WI_3,0.6923076923076923,False
HOUSEHOLD_1_097,CA_1,0.5726970033296337,False
HOUSEHOLD_1_097,CA_2,0.8540510543840177,False
HOUSEHOLD_1_097,CA_3,0.720865704772475,False
HOUSEHOLD_1_097,CA_4,0.427857935627081,False
HOUSEHOLD_1_097,TX_1,0.34517203107658156,False
HOUSEHOLD_1_097,TX_2,0.5638179800221975,False
HOUSEHOLD_1_097,TX_3,0.3423973362930078,False
HOUSEHOLD_1_097,WI_1,1.0910099889012208,False
HOUSEHOLD_1_097,WI_2,0.3912319644839068,False
HOUSEHOLD_1_097,WI_3,0.25693673695893454,False
HOUSEHOLD_1_128,CA_1,1.3508673754896474,False
HOUSEHOLD_1_128,CA_2,1.908426966292135,True
HOUSEHOLD_1_128,CA_3,3.198876404494382,True
HOUSEHOLD_1_128,CA_4,0.6410112359550562,False
HOUSEHOLD_1_128,TX_1,0.9168539325842696,False
HOUSEHOLD_1_128,TX_2,1.2697257974258533,False
HOUSEHOLD_1_128,TX_3,0.9988808058198098,False
HOUSEHOLD_1_128,WI_1,1.8224719101123596,True
HOUSEHOLD_1_128,WI_2,1.7758426966292136,True
HOUSEHOLD_1_128,WI_3,1.3168539325842696,False
HOUSEHOLD_1_129,CA_1,1.5987791342952276,True
HOUSEHOLD_1_129,CA_2,2.027746947835738,True
HOUSEHOLD_1_129,CA_3,2.2991120976692563,True
HOUSEHOLD_1_129,CA_4,0.8629300776914539,False
HOUSEHOLD_1_129,TX_1,0.7763596004439511,False
HOUSEHOLD_1_129,TX_2,0.9689234184239733,False
HOUSEHOLD_1_129,TX_3,0.8091009988901221,False
HOUSEHOLD_1_129,WI_1,1.8740288568257493,True
HOUSEHOLD_1_129,WI_2,1.393451720310766,False
HOUSEHOLD_1_129,WI_3,1.0749167591564928,False
HOUSEHOLD_1_182,CA_1,0.6276359600443951,False
HOUSEHOLD_1_182,CA_2,0.6498335183129855,False
HOUSEHOLD_1_182,CA_3,0.6470588235294118,False
HOUSEHOLD_1_182,CA_4,0.32852386237513875,False
HOUSEHOLD_1_182,TX_1,0.40732519422863483,False
HOUSEHOLD_1_182,TX_2,0.6492785793562708,False
HOUSEHOLD_1_182,TX_3,0.5155382907880133,False
HOUSEHOLD_1_182,WI_1,0.9073251942286349,False
HOUSEHOLD_1_182,WI_2,0.38845726970033295,False
HOUSEHOLD_1_182,WI_3,0.6431742508324084,False
HOUSEHOLD_1_239,CA_1,0.5949720670391061,False
HOUSEHOLD_1_239,CA_2,0.5956580732700135,False
HOUSEHOLD_1_239,CA_3,1.221774193548387,False
HOUSEHOLD_1_239,CA_4,0.4602739726027397,False
HOUSEHOLD_1_239,TX_1,0.4825268817204301,False
HOUSEHOLD_1_239,TX_2,0.7657534246575343,False
HOUSEHOLD_1_239,TX_3,0.3279569892473118,False
HOUSEHOLD_1_239,WI_1,1.5820895522388059,True
HOUSEHOLD_1_239,WI_2,0.7602739726027398,False
HOUSEHOLD_1_239,WI_3,0.4986301369863014,False
HOUSEHOLD_1_246,CA_1,2.202797202797203,True
HOUSEHOLD_1_246,CA_2,5.097156398104265,True
HOUSEHOLD_1_246,CA_3,5.228438228438228,True
HOUSEHOLD_1_246,CA_4,0.8997668997668997,False
HOUSEHOLD_1_246,TX_1,3.3496503496503496,True
HOUSEHOLD_1_246,TX_2,2.670616113744076,True
HOUSEHOLD_1_246,TX_3,1.5547785547785549,True
HOUSEHOLD_1_246,WI_1,1.2820512820512822,False
HOUSEHOLD_1_246,WI_2,1.9879518072289157,True
HOUSEHOLD_1_246,WI_3,1.3356643356643356,False
HOUSEHOLD_1_259,CA_1,0.8662597114317425,False
HOUSEHOLD_1_259,CA_2,1.3274139844617092,False
HOUSEHOLD_1_259,CA_3,1.7541620421753608,True
HOUSEHOLD_1_259,CA_4,0.7819089900110988,False
HOUSEHOLD_1_259,TX_1,0.946725860155383,False
HOUSEHOLD_1_259,TX_2,1.400110987791343,False
HOUSEHOLD_1_259,TX_3,1.0893451720310765,False
HOUSEHOLD_1_259,WI_1,0.8041065482796892,False
HOUSEHOLD_1_259,WI_2,0.46892341842397334,False
HOUSEHOLD_1_259,WI_3,0.4900110987791343,False
HOUSEHOLD_1_271,CA_1,0.26519916142557654,False
HOUSEHOLD_1_271,CA_2,0.10665258711721225,False
HOUSEHOLD_1_271,CA_3,0.6305931321540063,False
HOUSEHOLD_1_271,CA_4,0.12340425531914893,False
HOUSEHOLD_1_271,TX_1,0.46930280957336107,False
HOUSEHOLD_1_271,TX_2,0.44549266247379454,False
HOUSEHOLD_1_271,TX_3,0.4255091103965702,False
HOUSEHOLD_1_271,WI_1,0.23404255319148937,False
HOUSEHOLD_1_271,WI_2,0.24737945492662475,False
HOUSEHOLD_1_271,WI_3,0.29559748427672955,False
HOUSEHOLD_1_284,CA_1,0.8231009365244537,False
HOUSEHOLD_1_284,CA_2,0.8888888888888888,False
HOUSEHOLD_1_284,CA_3,1.7294484911550467,True
HOUSEHOLD_1_284,CA_4,0.7781350482315113,False
HOUSEHOLD_1_284,TX_1,1.1985383678440926,False
HOUSEHOLD_1_284,TX_2,0.6699147381242387,False
HOUSEHOLD_1_284,TX_3,1.235042735042735,False
HOUSEHOLD_1_284,WI_1,0.4723203769140165,False
HOUSEHOLD_1_284,WI_2,0.4192872117400419,False
HOUSEHOLD_1_284,WI_3,0.413111342351717,False
HOUSEHOLD_1_288,CA_1,0.652086137281292,False
HOUSEHOLD_1_288,CA_2,0.5929682217714672,False
HOUSEHOLD_1_288,CA_3,0.89419795221843,False
HOUSEHOLD_1_288,CA_4,0.281947261663286,False
HOUSEHOLD_1_288,TX_1,0.8936742934051144,False
HOUSEHOLD_1_288,TX_2,0.9222447599729547,False
HOUSEHOLD_1_288,TX_3,0.721399730820996,False
HOUSEHOLD_1_288,WI_1,0.35294117647058826,False
HOUSEHOLD_1_288,WI_2,0.4764505119453925,False
HOUSEHOLD_1_288,WI_3,0.6281271129141311,False
HOUSEHOLD_1_329,CA_1,0.887517146776406,False
HOUSEHOLD_1_329,CA_2,1.4800540906017579,False
HOUSEHOLD_1_329,CA_3,1.262577532736044,False
HOUSEHOLD_1_329,CA_4,0.7306889352818372,False
HOUSEHOLD_1_329,TX_1,1.3811118553248494,False
HOUSEHOLD_1_329,TX_2,0.9578030810448761,False
HOUSEHOLD_1_329,TX_3,1.072,False
HOUSEHOLD_1_329,WI_1,0.5242320819112628,False
HOUSEHOLD_1_329,WI_2,0.33583617747440275,False
HOUSEHOLD_1_329,WI_3,0.5653333333333334,False
HOUSEHOLD_1_335,CA_1,0.17733230531996916,False
HOUSEHOLD_1_335,CA_2,0.3554356206630686,False
HOUSEHOLD_1_335,CA_3,0.7116564417177914,False
HOUSEHOLD_1_335,CA_4,0.36430542778288866,False
HOUSEHOLD_1_335,TX_1,0.28527131782945736,False
HOUSEHOLD_1_335,TX_2,0.36589147286821705,False
HOUSEHOLD_1_335,TX_3,0.21591804570527975,False
HOUSEHOLD_1_335,WI_1,0.20163934426229507,False
HOUSEHOLD_1_335,WI_2,0.17036450079239301,False
HOUSEHOLD_1_335,WI_3,0.1565703634669152,False
HOUSEHOLD_1_337,CA_1,0.5829457364341085,False
HOUSEHOLD_1_337,CA_2,0.22868217054263565,False
HOUSEHOLD_1_337,CA_3,0.2789598108747045,False
HOUSEHOLD_1_337,CA_4,0.27435697583788,False
HOUSEHOLD_1_337,TX_1,0.19248466257668712,False
HOUSEHOLD_1_337,TX_2,0.2744795682343871,False
HOUSEHOLD_1_337,TX_3,0.2791056283731688,False
HOUSEHOLD_1_337,WI_1,0.30310077519379847,False
HOUSEHOLD_1_337,WI_2,0.21395705521472394,False
HOUSEHOLD_1_337,WI_3,0.12346625766871165,False
HOUSEHOLD_1_339,CA_1,5.6407547169811325,True
HOUSEHOLD_1_339,CA_2,6.548048048048048,True
HOUSEHOLD_1_339,CA_3,19.91816816816817,True
HOUSEHOLD_1_339,CA_4,1.670188679245283,True
HOUSEHOLD_1_339,TX_1,9.392642642642643,True
HOUSEHOLD_1_339,TX_2,9.1493993993994,True
HOUSEHOLD_1_339,TX_3,9.729135053110774,True
HOUSEHOLD_1_339,WI_1,3.7230652503793626,True
HOUSEHOLD_1_339,WI_2,11.293543543543544,True
HOUSEHOLD_1_339,WI_3,7.809049079754601,True
HOUSEHOLD_1_410,CA_1,2.270255271920089,True
HOUSEHOLD_1_410,CA_2,1.4300776914539401,False
HOUSEHOLD_1_410,CA_3,3.878468368479467,True
HOUSEHOLD_1_410,CA_4,0.8879023307436182,False
HOUSEHOLD_1_410,TX_1,1.1886792452830188,False
HOUSEHOLD_1_410,TX_2,1.9322974472807992,True
HOUSEHOLD_1_410,TX_3,1.8307436182019978,True
HOUSEHOLD_1_410,WI_1,1.5643729189789124,True
HOUSEHOLD_1_410,WI_2,1.9833518312985572,True
HOUSEHOLD_1_410,WI_3,2.3995560488346284,True
HOUSEHOLD_1_455,CA_1,1.110958904109589,False
HOUSEHOLD_1_455,CA_2,0.8438356164383561,False
HOUSEHOLD_1_455,CA_3,2.9808219178082194,True
HOUSEHOLD_1_455,CA_4,0.9438356164383561,False
HOUSEHOLD_1_455,TX_1,0.6232876712328768,False
HOUSEHOLD_1_455,TX_2,0.4712328767123288,False
HOUSEHOLD_1_455,TX_3,0.6835616438356165,False
HOUSEHOLD_1_455,WI_1,0.8,False
HOUSEHOLD_1_455,WI_2,1.010958904109589,False
HOUSEHOLD_1_455,WI_3,0.5013698630136987,False
HOUSEHOLD_1_457,CA_1,1.1538461538461537,False
HOUSEHOLD_1_457,CA_2,0.6902564102564103,False
HOUSEHOLD_1_457,CA_3,1.7179487179487178,True
HOUSEHOLD_1_457,CA_4,0.49948717948717947,False
HOUSEHOLD_1_457,TX_1,2.313846153846154,True
HOUSEHOLD_1_457,TX_2,3.0246153846153847,True
HOUSEHOLD_1_457,TX_3,3.3035897435897437,True
HOUSEHOLD_1_457,WI_1,0.26239669421487605,False
HOUSEHOLD_1_457,WI_2,0.7117948717948718,False
HOUSEHOLD_1_457,WI_3,0.8471794871794872,False
HOUSEHOLD_1_480,CA_1,0.48056155507559395,False
HOUSEHOLD_1_480,CA_2,0.4555198285101822,False
HOUSEHOLD_1_480,CA_3,1.7438370846730975,True
HOUSEHOLD_1_480,CA_4,0.2861771058315335,False
HOUSEHOLD_1_480,TX_1,0.958963282937365,False
HOUSEHOLD_1_480,TX_2,0.8779697624190065,False
HOUSEHOLD_1_480,TX_3,1.5153508771929824,True
HOUSEHOLD_1_480,WI_1,0.7714907508161044,False
HOUSEHOLD_1_480,WI_2,0.9254859611231101,False
HOUSEHOLD_1_480,WI_3,0.8150163220892275,False
HOUSEHOLD_1_500,CA_1,0.40018399264029436,False
HOUSEHOLD_1_500,CA_2,0.3814814814814815,False
HOUSEHOLD_1_500,CA_3,0.3171846435100548,False
HOUSEHOLD_1_500,CA_4,0.3336380255941499,False
HOUSEHOLD_1_500,TX_1,0.11388888888888889,False
HOUSEHOLD_1_500,TX_2,0.2125114995400184,False
HOUSEHOLD_1_500,TX_3,0.07629427792915532,False
HOUSEHOLD_1_500,WI_1,0.8490740740740741,False
HOUSEHOLD_1_500,WI_2,0.21707538601271573,False
HOUSEHOLD_1_500,WI_3,0.1259259259259259,False
HOUSEHOLD_1_533,CA_1,0.5894080996884735,False
HOUSEHOLD_1_533,CA_2,0.4871150219987429,False
HOUSEHOLD_1_533,CA_3,0.6264080100125157,False
HOUSEHOLD_1_533,CA_4,0.5400500625782227,False
HOUSEHOLD_1_533,TX_1,0.26272784412319294,False
HOUSEHOLD_1_533,TX_2,0.28975487115022,False
HOUSEHOLD_1_533,TX_3,0.2426147077309868,False
HOUSEHOLD_1_533,WI_1,0.42111879321181644,False
HOUSEHOLD_1_533,WI_2,0.2550032278889606,False
HOUSEHOLD_1_533,WI_3,0.2058080808080808,False
HOUSEHOLD_1_537,CA_1,1.1087680355160932,False
HOUSEHOLD_1_537,CA_2,2.346836847946726,True
HOUSEHOLD_1_537,CA_3,2.4389567147613764,True
HOUSEHOLD_1_537,CA_4,0.4261931187569367,False
HOUSEHOLD_1_537,TX_1,1.1354051054384018,False
HOUSEHOLD_1_537,TX_2,1.158157602663707,False
HOUSEHOLD_1_537,TX_3,0.8274139844617092,False
HOUSEHOLD_1_537,WI_1,0.3645948945615982,False
HOUSEHOLD_1_537,WI_2,0.5937846836847946,False
HOUSEHOLD_1_537,WI_3,0.6154273029966704,False
HOUSEHOLD_2_004,CA_1,0.24966974900924702,False
HOUSEHOLD_2_004,CA_2,0.16699539776462854,False
HOUSEHOLD_2_004,CA_3,0.36832895888014,False
HOUSEHOLD_2_004,CA_4,0.15316901408450703,False
HOUSEHOLD_2_004,TX_1,0.17255434782608695,False
HOUSEHOLD_2_004,TX_2,0.19044502617801048,False
HOUSEHOLD_2_004,TX_3,0.17235345581802275,False
HOUSEHOLD_2_004,WI_1,0.052840158520475564,False
HOUSEHOLD_2_004,WI_2,0.0666183924692252,False
HOUSEHOLD_2_004,WI_3,0.08466666666666667,False
HOUSEHOLD_2_027,CA_1,0.08057851239669421,False
HOUSEHOLD_2_027,CA_2,0.0963855421686747,False
HOUSEHOLD_2_027,CA_3,0.19665683382497542,False
HOUSEHOLD_2_027,CA_4,0.061555075593952485,False
HOUSEHOLD_2_027,TX_1,0.05722599418040737,False
HOUSEHOLD_2_027,TX_2,0.06983511154219205,False
HOUSEHOLD_2_027,TX_3,0.15282051282051282,False
HOUSEHOLD_2_027,WI_1,0.10024154589371981,False
HOUSEHOLD_2_027,WI_2,0.11764705882352941,False
HOUSEHOLD_2_027,WI_3,0.1096023278370514,False
HOUSEHOLD_2_029,CA_1,0.2458379578246393,False
HOUSEHOLD_2_029,CA_2,0.3379578246392897,False
HOUSEHOLD_2_029,CA_3,0.32852386237513875,False
HOUSEHOLD_2_029,CA_4,0.1897891231964484,False
HOUSEHOLD_2_029,TX_1,0.206992230854606,False
HOUSEHOLD_2_029,TX_2,0.1526082130965594,False
HOUSEHOLD_2_029,TX_3,0.18423973362930077,False
HOUSEHOLD_2_029,WI_1,0.10932297447280799,False
HOUSEHOLD_2_029,WI_2,0.21254162042175362,False
HOUSEHOLD_2_029,WI_3,0.11986681465038845,False
HOUSEHOLD_2_116,CA_1,0.17459429210968103,False
HOUSEHOLD_2_116,CA_2,0.2028985507246377,False
HOUSEHOLD_2_116,CA_3,0.2652490207050923,False
HOUSEHOLD_2_116,CA_4,0.09215017064846416,False
HOUSEHOLD_2_116,TX_1,0.09775280898876404,False
HOUSEHOLD_2_116,TX_2,0.09848908785674315,False
HOUSEHOLD_2_116,TX_3,0.06994963626189143,False
HOUSEHOLD_2_116,WI_1,0.06267487409065473,False
HOUSEHOLD_2_116,WI_2,0.04737146158290006,False
HOUSEHOLD_2_116,WI_3,0.09775280898876404,False
HOUSEHOLD_2_143,CA_1,0.23029966703662597,False
HOUSEHOLD_2_143,CA_2,0.6803551609322974,False
HOUSEHOLD_2_143,CA_3,0.5543840177580466,False
HOUSEHOLD_2_143,CA_4,0.25527192008879024,False
HOUSEHOLD_2_143,TX_1,0.1709211986681465,False
HOUSEHOLD_2_143,TX_2,0.27192008879023305,False
HOUSEHOLD_2_143,TX_3,0.1936736958934517,False
HOUSEHOLD_2_143,WI_1,0.24361820199778025,False
HOUSEHOLD_2_143,WI_2,0.17591564927857936,False
HOUSEHOLD_2_143,WI_3,0.18867924528301888,False
HOUSEHOLD_2_199,CA_1,0.7196629213483146,False
HOUSEHOLD_2_199,CA_2,1.1785114717403469,False
HOUSEHOLD_2_199,CA_3,1.902070509233352,True
HOUSEHOLD_2_199,CA_4,0.27921279212792127,False
HOUSEHOLD_2_199,TX_1,0.9075014100394811,False
HOUSEHOLD_2_199,TX_2,0.8785674314493565,False
HOUSEHOLD_2_199,TX_3,0.746629213483146,False
HOUSEHOLD_2_199,WI_1,0.38108561835478455,False
HOUSEHOLD_2_199,WI_2,1.0111919418019026,False
HOUSEHOLD_2_199,WI_3,0.951123595505618,False
HOUSEHOLD_2_201,CA_1,0.730299667036626,False
HOUSEHOLD_2_201,CA_2,1.2702552719200888,False
HOUSEHOLD_2_201,CA_3,1.3157602663706993,False
HOUSEHOLD_2_201,CA_4,0.47613762486126526,False
HOUSEHOLD_2_201,TX_1,0.44339622641509435,False
HOUSEHOLD_2_201,TX_2,0.6448390677025527,False
HOUSEHOLD_2_201,TX_3,0.3379578246392897,False
HOUSEHOLD_2_201,WI_1,0.5277469478357381,False
HOUSEHOLD_2_201,WI_2,0.5127635960044395,False
HOUSEHOLD_2_201,WI_3,0.2619311875693674,False
HOUSEHOLD_2_223,CA_1,0.258046614872364,False
HOUSEHOLD_2_223,CA_2,0.44173140954495005,False
HOUSEHOLD_2_223,CA_3,0.3335183129855716,False
HOUSEHOLD_2_223,CA_4,0.13762486126526083,False
HOUSEHOLD_2_223,TX_1,0.12319644839067703,False
HOUSEHOLD_2_223,TX_2,0.1997780244173141,False
HOUSEHOLD_2_223,TX_3,0.15482796892341844,False
HOUSEHOLD_2_223,WI_1,0.15926748057713652,False
HOUSEHOLD_2_223,WI_2,0.19644839067702552,False
HOUSEHOLD_2_223,WI_3,0.13596004439511652,False
HOUSEHOLD_2_244,CA_1,0.2885682574916759,False
HOUSEHOLD_2_244,CA_2,0.3795782463928968,False
HOUSEHOLD_2_244,CA_3,0.43507214206437295,False
HOUSEHOLD_2_244,CA_4,0.20477247502774695,False
HOUSEHOLD_2_244,TX_1,0.43118756936736957,False
HOUSEHOLD_2_244,TX_2,0.5776914539400666,False
HOUSEHOLD_2_244,TX_3,0.4800221975582686,False
HOUSEHOLD_2_244,WI_1,0.17480577136514983,False
HOUSEHOLD_2_244,WI_2,0.3751387347391787,False
HOUSEHOLD_2_244,WI_3,0.26914539400665927,False
HOUSEHOLD_2_317,CA_1,0.27968923418423974,False
HOUSEHOLD_2_317,CA_2,0.18312985571587126,False
HOUSEHOLD_2_317,CA_3,0.2458379578246393,False
HOUSEHOLD_2_317,CA_4,0.10432852386237514,False
HOUSEHOLD_2_317,TX_1,0.18201997780244172,False
HOUSEHOLD_2_317,TX_2,0.23473917869034405,False
HOUSEHOLD_2_317,TX_3,0.08157602663706992,False
HOUSEHOLD_2_317,WI_1,0.24472807991120976,False
HOUSEHOLD_2_317,WI_2,0.03567318757192175,False
HOUSEHOLD_2_317,WI_3,0.13485016648168702,False
HOUSEHOLD_2_356,CA_1,0.36847946725860153,False
HOUSEHOLD_2_356,CA_2,0.4039955604883463,False
HOUSEHOLD_2_356,CA_3,0.5355160932297447,False
HOUSEHOLD_2_356,CA_4,0.2669256381798002,False
HOUSEHOLD_2_356,TX_1,0.35127635960044395,False
HOUSEHOLD_2_356,TX_2,0.47891231964483905,False
HOUSEHOLD_2_356,TX_3,0.3873473917869034,False
HOUSEHOLD_2_356,WI_1,0.15926748057713652,False
HOUSEHOLD_2_356,WI_2,0.10774606872451951,False
HOUSEHOLD_2_356,WI_3,0.22807991120976692,False
HOUSEHOLD_2_375,CA_1,0.49944506104328523,False
HOUSEHOLD_2_375,CA_2,1.0277469478357382,False
HOUSEHOLD_2_375,CA_3,0.9278579356270811,False
HOUSEHOLD_2_375,CA_4,0.2946725860155383,False
HOUSEHOLD_2_375,TX_1,0.25360710321864594,False
HOUSEHOLD_2_375,TX_2,0.29411764705882354,False
HOUSEHOLD_2_375,TX_3,0.14483906770255273,False
HOUSEHOLD_2_375,WI_1,0.26082130965593786,False
HOUSEHOLD_2_375,WI_2,0.1472957422324511,False
HOUSEHOLD_2_375,WI_3,0.12763596004439512,False
HOUSEHOLD_2_383,CA_1,0.21143174250832408,False
HOUSEHOLD_2_383,CA_2,0.31076581576026635,False
HOUSEHOLD_2_383,CA_3,0.6215316315205327,False
HOUSEHOLD_2_383,CA_4,0.15427302996670367,False
HOUSEHOLD_2_383,TX_1,0.3401775804661487,False
HOUSEHOLD_2_383,TX_2,0.5216426193118757,False
HOUSEHOLD_2_383,TX_3,0.5560488346281909,False
HOUSEHOLD_2_383,WI_1,0.2846836847946726,False
HOUSEHOLD_2_383,WI_2,0.6331853496115427,False
HOUSEHOLD_2_383,WI_3,0.43562708102108766,False
